scenario_id,question_id,provider,model,variant,temperature,run,latency,answer
Scenario 1,Q1.1,openai,gpt-4o,zero-shot,0,1,3.2237000465393066,"Aim for 1.2 to 2.0 grams of protein per kilogram of body weight per day, depending on your recovery needs and doctor's advice."
Scenario 1,Q1.1,openai,gpt-4o,zero-shot,0,2,1.3959290981292725,"Aim for 1.2 to 2.0 grams of protein per kilogram of body weight per day, depending on your recovery needs and doctor's advice."
Scenario 1,Q1.1,openai,gpt-4o,zero-shot,0,3,1.2541422843933105,"Aim for 1.2 to 2.0 grams of protein per kilogram of body weight daily, depending on your recovery needs and doctor's advice."
Scenario 1,Q1.1,openai,gpt-4o,zero-shot,0.7,1,1.7145719528198242,"Your daily protein intake should generally be about 1.2 to 2.0 grams per kilogram of body weight, depending on your recovery needs and activity level."
Scenario 1,Q1.1,openai,gpt-4o,zero-shot,0.7,2,1.3328640460968018,"Aim for 1.2 to 2.0 grams of protein per kilogram of body weight daily, depending on your recovery needs and nutritional status."
Scenario 1,Q1.1,openai,gpt-4o,zero-shot,0.7,3,1.2331650257110596,"Aim for 1.2 to 2.0 grams of protein per kilogram of your body weight per day, depending on your recovery needs and overall health status."
Scenario 1,Q1.1,google,gemini-1.5-pro,zero-shot,0,1,1.4271790981292725,"Aim for 1.2-1.5 grams of protein per kilogram of your body weight daily to aid in your recovery.  "
Scenario 1,Q1.1,google,gemini-1.5-pro,zero-shot,0,2,1.2052192687988281,"Aim for 1.2-1.5 grams of protein per kilogram of your body weight daily to aid in your recovery.  "
Scenario 1,Q1.1,google,gemini-1.5-pro,zero-shot,0,3,1.0486140251159668,"Aim for 1.2-1.5 grams of protein per kilogram of your body weight daily to aid in your recovery. "
Scenario 1,Q1.1,google,gemini-1.5-pro,zero-shot,0.7,1,1.2025399208068848,"Aim for 1.2-1.5 grams of protein per kilogram of your body weight daily to support your recovery.  "
Scenario 1,Q1.1,google,gemini-1.5-pro,zero-shot,0.7,2,1.0156188011169434,"Aim for 1.2-1.5 grams of protein per kilogram of your body weight daily to aid recovery. "
Scenario 1,Q1.1,google,gemini-1.5-pro,zero-shot,0.7,3,1.018010139465332,"Aim for 1.2-1.5 grams of protein per kilogram of your body weight each day. "
Scenario 1,Q1.1,grok,grok-2-1212,zero-shot,0,1,0.7694389820098877,"You should aim to consume 1.2 to 1.5 grams of protein per kilogram of your body weight daily to support recovery."
Scenario 1,Q1.1,grok,grok-2-1212,zero-shot,0,2,0.680872917175293,"You should aim to consume 1.2 to 1.5 grams of protein per kilogram of your body weight daily to support recovery."
Scenario 1,Q1.1,grok,grok-2-1212,zero-shot,0,3,0.7376458644866943,"You should aim to consume 1.2 to 1.5 grams of protein per kilogram of your body weight daily to support recovery."
Scenario 1,Q1.1,grok,grok-2-1212,zero-shot,0.7,1,0.801591157913208,"As a general guideline, aim for 1.2 to 2.0 grams of protein per kilogram of body weight daily, but consult with your healthcare provider for personalized recommendations."
Scenario 1,Q1.1,grok,grok-2-1212,zero-shot,0.7,2,0.682488203048706,"You should aim to consume 1.2 to 1.5 grams of protein per kilogram of your body weight daily to support recovery."
Scenario 1,Q1.1,grok,grok-2-1212,zero-shot,0.7,3,0.7239370346069336,"You should aim to consume 1.2 to 1.5 grams of protein per kilogram of your body weight daily to support recovery."
Scenario 1,Q1.1,openai,gpt-4o,chain-of-thought,0,1,1.5464482307434082,"The recommended daily protein intake is generally 0.8 grams per kilogram of body weight, but individual needs may vary based on factors like age, activity level, and health goals."
Scenario 1,Q1.1,openai,gpt-4o,chain-of-thought,0,2,1.205651044845581,"The recommended daily protein intake is generally 0.8 grams per kilogram of body weight, but individual needs may vary based on factors like age, activity level, and health goals."
Scenario 1,Q1.1,openai,gpt-4o,chain-of-thought,0,3,1.8500409126281738,"The recommended daily protein intake is generally 0.8 grams per kilogram of body weight, but individual needs may vary based on factors like age, activity level, and health goals."
Scenario 1,Q1.1,openai,gpt-4o,chain-of-thought,0.7,1,1.2367970943450928,"The recommended dietary allowance for protein is generally 0.8 grams per kilogram of body weight per day, but individual needs may vary based on factors like age, activity level, and health goals."
Scenario 1,Q1.1,openai,gpt-4o,chain-of-thought,0.7,2,1.2070891857147217,"The recommended daily intake of protein is generally 0.8 grams per kilogram of body weight for sedentary adults, but individual needs may vary based on factors like age, activity level, and health goals."
Scenario 1,Q1.1,openai,gpt-4o,chain-of-thought,0.7,3,1.4298810958862305,"The recommended daily protein intake is generally 0.8 grams per kilogram of body weight for adults, but your specific needs may vary based on factors such as age, activity level, and health goals."
Scenario 1,Q1.1,google,gemini-1.5-pro,chain-of-thought,0,1,1.232839822769165,"It depends on your individual needs, but the recommended dietary allowance for protein is 0.8 grams per kilogram of body weight per day for adults. "
Scenario 1,Q1.1,google,gemini-1.5-pro,chain-of-thought,0,2,1.2158138751983643,"It depends on your individual needs, but the recommended dietary allowance (RDA) is 0.8 grams of protein per kilogram of body weight. "
Scenario 1,Q1.1,google,gemini-1.5-pro,chain-of-thought,0,3,1.0644609928131104,"It depends on your individual needs, but the recommended dietary allowance for protein is 0.8 grams per kilogram of body weight per day for adults. "
Scenario 1,Q1.1,google,gemini-1.5-pro,chain-of-thought,0.7,1,1.6135890483856201,"It depends on factors like your age, activity level, and health goals, so it's best to consult with me or another registered dietitian to determine your specific protein needs. "
Scenario 1,Q1.1,google,gemini-1.5-pro,chain-of-thought,0.7,2,1.3500819206237793,"It depends on factors like your age, activity level, and health goals, so it's best to consult with me or another registered dietitian to determine your specific protein needs. "
Scenario 1,Q1.1,google,gemini-1.5-pro,chain-of-thought,0.7,3,1.1389341354370117,"It depends on factors like your age, activity level, and health goals, so it's best to consult with me or another registered dietitian to determine your specific protein needs. "
Scenario 1,Q1.1,grok,grok-2-1212,chain-of-thought,0,1,0.7564578056335449,"The recommended daily protein intake is 0.8 grams per kilogram of body weight, but individual needs may vary based on factors like age, activity level, and health status."
Scenario 1,Q1.1,grok,grok-2-1212,chain-of-thought,0,2,0.7576239109039307,"The recommended daily protein intake is 0.8 grams per kilogram of body weight, but individual needs may vary based on factors like age, activity level, and health status."
Scenario 1,Q1.1,grok,grok-2-1212,chain-of-thought,0,3,1.1647908687591553,"The recommended daily protein intake is 0.8 grams per kilogram of body weight, but individual needs may vary based on factors like age, sex, activity level, and health status."
Scenario 1,Q1.1,grok,grok-2-1212,chain-of-thought,0.7,1,0.8461771011352539,"The recommended dietary allowance for protein is 0.8 grams per kilogram of body weight per day for most adults."
Scenario 1,Q1.1,grok,grok-2-1212,chain-of-thought,0.7,2,0.9634659290313721,"The recommended daily protein intake is 0.8 grams per kilogram of body weight, but individual needs can vary based on factors like age, activity level, and health goals."
Scenario 1,Q1.1,grok,grok-2-1212,chain-of-thought,0.7,3,0.7512881755828857,"The recommended daily protein intake for adults is about 0.8 grams per kilogram of body weight, but individual needs may vary based on factors like age, activity level, and health status."
Scenario 1,Q1.2,openai,gpt-4o,zero-shot,0,1,1.1228179931640625,"Yes, you can drink 2 Premier Protein shakes per day, but ensure it fits within your overall dietary needs and consult with your healthcare provider for personalized advice."
Scenario 1,Q1.2,openai,gpt-4o,zero-shot,0,2,2.0738611221313477,"Yes, you can drink 1-2 Premier Protein shakes per day, but ensure it fits within your overall nutritional needs and consult your healthcare provider for personalized advice."
Scenario 1,Q1.2,openai,gpt-4o,zero-shot,0,3,0.6951119899749756,"Yes, you can drink 2 Premier Protein shakes per day, but ensure it fits within your overall nutritional needs and consult your healthcare provider for personalized advice."
Scenario 1,Q1.2,openai,gpt-4o,zero-shot,0.7,1,3.3606841564178467,"Yes, you can drink two Premier Protein shakes per day, but ensure they fit within your overall nutritional needs and consult your healthcare provider if you have any medical conditions."
Scenario 1,Q1.2,openai,gpt-4o,zero-shot,0.7,2,1.3473830223083496,"Yes, you can drink 2 Premier Protein shakes per day, but ensure it fits within your overall nutrition plan and consult with your healthcare provider."
Scenario 1,Q1.2,openai,gpt-4o,zero-shot,0.7,3,1.37943696975708,"Yes, you can drink 2 Premier Protein shakes per day, but ensure it fits within your overall nutritional needs and consult with your healthcare provider for personalized advice."
Scenario 1,Q1.2,google,gemini-1.5-pro,zero-shot,0,1,1.2547831535339355,"While one Premier Protein shake daily can be beneficial, two per day may exceed your current protein needs, so discuss it with me or your doctor first.  "
Scenario 1,Q1.2,google,gemini-1.5-pro,zero-shot,0,2,1.2711951732635498,"While one Premier Protein shake daily can be beneficial, two per day may exceed your current protein needs, so discuss it with me or your doctor first.  "
Scenario 1,Q1.2,google,gemini-1.5-pro,zero-shot,0,3,1.2522082328796387,"While one Premier Protein shake daily can be beneficial, two per day may exceed your current protein needs, so discuss it with me or your doctor first.  "
Scenario 1,Q1.2,google,gemini-1.5-pro,zero-shot,0.7,1,1.3569128513336182,"While one Premier Protein shake daily can be beneficial, two per day might exceed your current protein needs, so discuss it with me or your doctor first.  "
Scenario 1,Q1.2,google,gemini-1.5-pro,zero-shot,0.7,2,1.417829990386963,"While one Premier Protein shake daily can be beneficial, two per day might exceed your current protein needs, so discuss it with me or your doctor first.  "
Scenario 1,Q1.2,google,gemini-1.5-pro,zero-shot,0.7,3,1.842179775238037,"While one Premier Protein shake daily can be beneficial, two per day might exceed your individual protein needs, so discuss it with me or your doctor to ensure it aligns with your specific dietary requirements. "
Scenario 1,Q1.2,grok,grok-2-1212,zero-shot,0,1,0.8149509429931641,"Yes, you can drink 2 Premier Protein shakes per day, but ensure it fits within your overall nutritional plan and consult with your healthcare provider for personalized advice."
Scenario 1,Q1.2,grok,grok-2-1212,zero-shot,0,2,0.8193058967590332,"Yes, you can drink 2 Premier Protein shakes per day, but ensure it fits within your overall nutritional plan and consult with your healthcare provider for personalized advice."
Scenario 1,Q1.2,grok,grok-2-1212,zero-shot,0,3,0.686126708984375,"Yes, you can drink 2 Premier Protein shakes per day as part of your recovery, but ensure to balance this with whole foods to meet your nutritional needs."
Scenario 1,Q1.2,grok,grok-2-1212,zero-shot,0.7,1,0.7445549964904785,"Yes, you can drink 2 Premier Protein shakes per day as part of your recovery diet, but ensure you also consume a balanced intake of whole foods."
Scenario 1,Q1.2,grok,grok-2-1212,zero-shot,0.7,2,0.8128702640533447,"Yes, you can drink 2 Premier Protein shakes per day, but ensure it fits within your overall dietary plan and consult with your healthcare provider for personalized advice."
Scenario 1,Q1.2,grok,grok-2-1212,zero-shot,0.7,3,0.749871015548706,"Yes, you can drink two Premier Protein shakes per day as part of your recovery, but ensure you also consume a balanced diet to meet all your nutritional needs."
